{
  "roc_auc": 0.9322434150772025,
  "f1": 0.6379310340078775,
  "f1_default": 0.6055776892430279,
  "threshold": 0.5660897927007463,
  "best_params": {
    "clf__solver": "liblinear",
    "clf__penalty": "l2",
    "clf__C": 0.027825594022071243
  },
  "best_model": "log_reg",
  "test": {
    "roc_auc": 0.9322434150772025,
    "f1": 0.6379310340078775,
    "f1_default": 0.6055776892430279,
    "threshold": 0.5660897927007463
  }
}