{
  "roc_auc": 0.9435664547381168,
  "f1": 0.6368715078799038,
  "f1_default": 0.5992217898832685,
  "threshold": 0.8123276185012692,
  "best_params": {
    "clf__solver": "liblinear",
    "clf__penalty": "l2",
    "clf__C": 1.6681005372000592
  },
  "best_model": "log_reg",
  "test": {
    "roc_auc": 0.9435664547381168,
    "f1": 0.6368715078799038,
    "f1_default": 0.5992217898832685,
    "threshold": 0.8123276185012692
  }
}