{
  "roc_auc": 0.9469421737814109,
  "f1": 0.6444444439444444,
  "f1_default": 0.5962264150943396,
  "threshold": 0.7990308332410283,
  "best_params": {
    "clf__solver": "liblinear",
    "clf__penalty": "l2",
    "clf__C": 12.915496650148826
  },
  "best_model": "log_reg",
  "test": {
    "roc_auc": 0.9469421737814109,
    "f1": 0.6444444439444444,
    "f1_default": 0.5962264150943396,
    "threshold": 0.7990308332410283
  }
}