{
  "roc_auc": 0.9430214956100514,
  "f1": 0.5931558935361216,
  "best_params": {
    "clf__solver": "lbfgs",
    "clf__penalty": "l2",
    "clf__C": 35.93813663804626
  },
  "best_model": "log_reg",
  "baseline_aucs": {
    "log_reg": 0.934134690041257,
    "rf": 0.9200574052638608,
    "gboost": 0.930550432128112,
    "mlp": 0.9070386937170006
  }
}