{
  "roc_auc": 0.9411217075386014,
  "f1": 0.5228758169934641,
  "best_params": {
    "clf__n_estimators": 100,
    "clf__max_depth": 2,
    "clf__learning_rate": 0.05
  },
  "best_model": "gboost"
}