{
  "roc_auc": 0.9376778686042992,
  "f1": 0.6417112294472247,
  "f1_default": 0.5758754863813229,
  "threshold": 0.7776362542140328,
  "best_params": {
    "clf__solver": "liblinear",
    "clf__penalty": "l2",
    "clf__C": 0.0774263682681127
  },
  "best_model": "log_reg",
  "test": {
    "roc_auc": 0.9376778686042992,
    "f1": 0.6417112294472247,
    "f1_default": 0.5758754863813229,
    "threshold": 0.7776362542140328
  }
}